"0","gaussSeidel <- function(A, b, epsilon, maxIterations) {"
"0","  # Extract the size of the system"
"0","  n <- length(b)"
"0","  "
"0","  # Initialize the solution vector x"
"0","  x <- numeric(n)"
"0","  "
"0","  # Iterate until either epsilon is reached or maxIterations is reached"
"0","  for (iteration in 1:maxIterations) {"
"0","    x_old <- x"
"0","    "
"0","    # Update each variable using the Gauss-Seidel formula"
"0","    for (i in 1:n) {"
"0","      x[i] <- (b[i] - sum(A[i, -i] * x[-i])) / A[i, i]"
"0","    }"
"0","    "
"0","    # Check if epsilon is reached"
"0","    if (max(abs(x - x_old)) < epsilon) {"
"0","      break"
"0","    }"
"0","  }"
"0","  "
"0","  # Return the solution and the number of iterations"
"0","  list(x = x, iterations = iteration)"
"0","}"
